{"stat.chestOpened":77,"stat.craftItem.minecraft.leather_leggings":4,"stat.useItem.minecraft.bow":27,"stat.pickup.minecraft.sign":1,"stat.drop.minecraft.hopper":1,"stat.leaveGame":13,"stat.useItem.lucky.lucky_potion":11,"stat.killEntity.Slime":1,"stat.pickup.lucky.lucky_block":14,"stat.jump":692,"stat.drop.minecraft.skull":3,"stat.fallOneCm":14044,"stat.mineBlock.lucky.lucky_block":6,"stat.crouchOneCm":10766,"stat.useItem.minecraft.stone_slab2":7085,"stat.craftingTableInteraction":21,"stat.pickup.minecraft.command_block":3,"stat.pickup.minecraft.repeater":3,"stat.damageTaken":1360,"stat.pickup.minecraft.written_book":1,"stat.drop.minecraft.concrete":1,"stat.drop.minecraft.fence":1,"stat.pickup.minecraft.planks":1,"stat.flyOneCm":1521405,"stat.drop.minecraft.fence_gate":1,"stat.killEntity.Villager":1,"stat.damageDealt":300,"stat.killEntity.Rabbit":1,"stat.pickup.minecraft.redstone":12,"stat.timeSinceDeath":76623,"stat.hopperInspected":132,"stat.useItem.minecraft.crafting_table":1,"stat.useItem.minecraft.command_block":4,"stat.walkOneCm":275665,"stat.craftItem.minecraft.leather_boots":4,"stat.drop.minecraft.spruce_door":1,"stat.talkedToVillager":15,"stat.drop.minecraft.red_flower":2,"stat.drop.minecraft.glass_pane":8,"stat.useItem.lucky.lucky_block":12,"stat.useItem.minecraft.redstone":84,"stat.drop.minecraft.stained_hardened_clay":5,"stat.pickup.minecraft.stone":1,"stat.drop.minecraft.planks":1,"stat.pickup.minecraft.hopper":1,"stat.useItem.minecraft.written_book":1,"stat.useItem.minecraft.stained_hardened_clay":82,"stat.sprintOneCm":68071,"stat.drop.minecraft.wooden_slab":1,"stat.drop.minecraft.command_block":7,"stat.useItem.minecraft.redstone_ore":2,"stat.pickup.minecraft.skull":5,"stat.pickup.lucky.lucky_potion":11,"stat.drop.minecraft.lever":1,"stat.drop.minecraft.comparator":1,"stat.mobKills":6,"stat.deaths":6,"stat.drop":65,"stat.useItem.minecraft.writable_book":6,"stat.playOneMinute":299003,"stat.craftItem.minecraft.leather_chestplate":4,"stat.pickup.minecraft.red_flower":2,"stat.entityKilledBy.Slime":1,"stat.sneakTime":9713,"stat.pickup.minecraft.wool":4,"stat.pickup.minecraft.glass_pane":8,"stat.drop.lucky.lucky_block":91,"stat.drop.minecraft.chest":1,"stat.drop.emerald_mod.emeraldarmorbody":1,"stat.pickup.minecraft.chest":1}